<?xml version="1.0" encoding="UTF-8"?>
<!DOCTYPE mapper PUBLIC "-//mybatis.org//DTD Mapper 3.0//EN" 
"http://mybatis.org/dtd/mybatis-3-mapper.dtd">

<mapper namespace="Likey">
	<select id="getAlldata" resultType="LikeyList">
		select * from likeylist where member_email = #{member_email} order by LIKEYLIST_seq asc
	</select>
	
	<select id="getHomeInfoLikey" parameterType="int" resultType="Home">
		select h.*, l.likey_seq from likeylist ll, likey l, home h 
		where ll.LIKEYLIST_SEQ = l.LIKEYLIST_SEQ 
		and h.home_seq=l.HOME_SEQ 
		and ll.LIKEYLIST_SEQ=#{likeyList_seq}
	</select>
	
	<select id="getLikeyData" resultType="Likey">
		select * from likey where member_email = #{member_email}
	</select>
	
	<select  id="getLikeyHeart" resultType="Likey" parameterType="map" >
		select * from likey where home_seq=#{home_seq} and member_email = #{member_email}
	</select>
	
	<select id="getLikeyListDTO" resultType="LikeyList" parameterType="int">
		select * from likeyList where likeylist_seq= #{likeyList_seq}
	</select>
	
	<select id="getHomePic" resultType="Likey">
		select *from (select l.*,h.home_main_pic, row_number()over(partition by likeylist_seq order by likey_seq desc) rn 
		from likey l, home h where l.HOME_SEQ = h.home_seq) where rn = 1
	</select>
</mapper>
