<?xml version="1.0" encoding="UTF-8"?>
<beans xmlns="http://www.springframework.org/schema/beans"
	xmlns:xsi="http://www.w3.org/2001/XMLSchema-instance"
	xmlns:context="http://www.springframework.org/schema/context"
	xsi:schemaLocation="http://www.springframework.org/schema/beans http://www.springframework.org/schema/beans/spring-beans.xsd
		http://www.springframework.org/schema/context http://www.springframework.org/schema/context/spring-context-4.3.xsd">
	
	<context:component-scan base-package="kh.spring">
		
	</context:component-scan>
	
	<bean id="dataSource" class="org.apache.commons.dbcp.BasicDataSource">
		<property name="driverClassName" value="oracle.jdbc.driver.OracleDriver"/>
		<property name="url" value="jdbc:oracle:thin:@localhost:1521:xe"/>
		<property name="username" value="kh"/>
		<property name="password" value="kh"/>
	</bean>
	
	<bean id="JdbcTemplete" class="org.springframework.jdbc.core.JdbcTemplate">
			<!-- 라이프 사이클,close 까진 해준다  + 편리성 제공-->
	 		<property name="dataSource" ref="dataSource"></property>
	</bean>


	
</beans>
