<?xml version="1.0" encoding="UTF-8"?>
<!DOCTYPE mapper
    PUBLIC "-//mybatis.org//DTD Mapper 3.0//EN"
    "http://mybatis.org/dtd/mybatis-3-mapper.dtd">
    
<mapper namespace="Home">
	<select id="getAllHomeData" resultType="Home">
		select * from Home
	</select>

	<select id="getOldestHomeData" resultType="Home">
		select * from (select
		* from home order by home_seq) where rownum = 1
	</select>

	<select id="getHomeData" parameterType="int" resultType="Home">
		select *
		from home where home_seq = #{home_seq}
	</select>
	
	<select id="getCalendarDate" parameterType="map" resultType="String">
		select * from(
		select start_day + level -1 days
		from(
		select
		to_date(#{start}, 'yyyy/mm/dd') start_day,
		to_date(#{end}, 'yyyy/mm/dd') end_day from dual)
		connect by start_day + level -1 <![CDATA[ <= ]]> end_day) order by days asc
	</select>

	<select id="getBlockedDate" parameterType="int" resultType="String">
		select home_blocked_date from home where home_seq = #{home_seq}
	</select>
	
	<!-- 추가 -->
	
	<insert id="firststepbyone" parameterType="Home">
		insert into home value (home_seq,member_email) values (homeseq.nextval,'임시')
	</insert>
	
	<select id="getNesestHomeData" resultType="Home">
		select * from (select
		* from home order by home_seq desc) where rownum = 1
	</select>
	<!-- #{member_email} -->
	<!-- all modify  -->
	<update id="firststepbytwo" parameterType="Home">
		update home set home_type =#{home_type} where home_seq =#{home_seq}
	</update>
	
	<update id="firststepbythree" parameterType="Home">
		update home set home_people = #{home_people} , home_bedroom = #{home_bedroom} , home_bed = #{home_bed}
		  where home_seq = #{home_seq} 
	</update>
	
	<update id="firststepbyfore" parameterType="Home">
		update home set home_nation = #{home_nation} , home_addr1 = #{home_addr1} , home_addr2 = #{home_addr2}, home_addr3 = #{home_addr3},
		 home_addr4 = #{home_addr4} , home_lat = #{home_lat} , home_lng=#{home_lng}   where home_seq = #{home_seq}  
	</update>
	
	<update id="firststepbyfinal" parameterType="Home">
		update home set  home_amenities = #{home_amenities} , home_safety = #{home_safety}  where home_seq = #{home_seq} 
	</update>
	
	<update id="secondstepbyone" parameterType="Home">
		update home set home_main_pic = #{home_main_pic}  where home_seq = #{home_seq} 
	</update>
	
	
	<update id="secondstepbytwo" parameterType="Home">
		update home set home_contents = #{home_contents}  where home_seq = #{home_seq}  
	</update>
	
	<update id="secondstepbyfinal" parameterType="Home">
		update home set home_name = #{home_name}  where home_seq = #{home_seq}  
	</update>
	
	
	
</mapper>